id,smishing,
340000,0.000143886,0
340001,7.20E-05,0
340002,3.12E-05,0
340003,3.18E-05,0
340004,3.92E-05,0
340005,3.17E-05,0
340006,3.17E-05,0
340007,4.25E-05,0
340008,3.15E-05,0
340009,3.33E-05,0
340010,0.004561484,0
340011,4.60E-05,0
340012,5.48E-05,0
340013,3.19E-05,0
340014,3.17E-05,0
340015,0.00034982,0
340016,6.10E-05,0
340017,5.34E-05,0
340018,0.000300705,0
340019,3.08E-05,0
340020,0.001059055,0
340021,3.44E-05,0
340022,6.20E-05,0
340023,0.007336318,0
340024,3.32E-05,0
340025,3.11E-05,0
340026,3.11E-05,0
340027,0.000344753,0
340028,3.13E-05,0
340029,3.18E-05,0
340030,0.000103533,0
340031,3.13E-05,0
340032,0.000115395,0
340033,3.62E-05,0
340034,0.00048995,0
340035,0.000143886,0
340036,3.13E-05,0
340037,3.11E-05,0
340038,3.14E-05,0
340039,3.25E-05,0
340040,3.49E-05,0
340041,0.000143886,0
340042,0.000198483,0
340043,0.000341296,0
340044,4.68E-05,0
340045,4.62E-05,0
340046,0.032366157,0
340047,3.28E-05,0
340048,7.23E-05,0
340049,3.70E-05,0
340050,4.54E-05,0
340051,0.000134349,0
340052,0.000211239,0
340053,0.000143886,0
340054,8.54E-05,0
340055,3.30E-05,0
340056,0.003528953,0
340057,3.12E-05,0
340058,3.16E-05,0
340059,3.11E-05,0
340060,0.000115395,0
340061,3.25E-05,0
340062,0.000453293,0
340063,4.39E-05,0
340064,8.35E-05,0
340065,4.63E-05,0
340066,0.000196338,0
340067,4.63E-05,0
340068,4.40E-05,0
340069,4.04E-05,0
340070,0.000368774,0
340071,4.76E-05,0
340072,0.003347099,0
340073,0.000345647,0
340074,0.000409126,0
340075,3.93E-05,0
340076,0.000249326,0
340077,0.000282705,0
340078,0.000299215,0
340079,0.023924053,0
340080,5.02E-05,0
340081,0.000286639,0
340082,0.000100017,0
340083,6.94E-05,0
340084,0.000663519,0
340085,8.82E-05,0
340086,0.000348151,0
340087,0.993015665,1
340088,0.000116229,0
340089,5.59E-05,0
340090,4.07E-05,0
340091,4.21E-05,0
340092,5.02E-05,0
340093,9.41E-05,0
340094,4.89E-05,0
340095,0.000364363,0
340096,4.89E-05,0
340097,0.006248057,0
340098,0.00023675,0
340099,3.67E-05,0
340100,0.000218511,0
340101,0.004589677,0
340102,0.00012213,0
340103,3.13E-05,0
340104,0.000113189,0
340105,3.32E-05,0
340106,0.001000345,0
340107,0.001788735,0
340108,8.35E-05,0
340109,3.26E-05,0
340110,0.001235843,0
340111,3.36E-05,0
340112,3.26E-05,0
340113,3.13E-05,0
340114,0.00012213,0
340115,8.82E-05,0
340116,5.36E-05,0
340117,0.000347793,0
340118,0.001668334,0
340119,3.26E-05,0
340120,0.100553155,0
340121,3.20E-05,0
340122,8.36E-05,0
340123,4.04E-05,0
340124,0.000310183,0
340125,0.00059098,0
340126,3.13E-05,0
340127,3.15E-05,0
340128,0.000949919,0
340129,0.000143886,0
340130,8.26E-05,0
340131,8.26E-05,0
340132,0.000270069,0
340133,3.79E-05,0
340134,3.15E-05,0
340135,4.45E-05,0
340136,3.13E-05,0
340137,3.13E-05,0
340138,0.00032264,0
340139,0.000341296,0
340140,3.12E-05,0
340141,5.98E-05,0
340142,0.000652671,0
340143,3.31E-05,0
340144,3.16E-05,0
340145,3.19E-05,0
340146,3.14E-05,0
340147,0.000374854,0
340148,0.000102699,0
340149,3.94E-05,0
340150,3.35E-05,0
340151,5.69E-05,0
340152,3.18E-05,0
340153,3.62E-05,0
340154,6.26E-05,0
340155,3.16E-05,0
340156,4.11E-05,0
340157,3.20E-05,0
340158,3.21E-05,0
340159,3.16E-05,0
340160,7.26E-05,0
340161,3.13E-05,0
340162,3.17E-05,0
340163,3.19E-05,0
340164,3.19E-05,0
340165,3.16E-05,0
340166,4.27E-05,0
340167,0.000311971,0
340168,3.12E-05,0
340169,3.12E-05,0
340170,8.33E-05,0
340171,3.14E-05,0
340172,3.15E-05,0
340173,0.988144991,1
340174,5.23E-05,0
340175,0.000126898,0
340176,0.000101209,0
340177,3.12E-05,0
340178,4.88E-05,0
340179,3.18E-05,0
340180,3.14E-05,0
340181,7.26E-05,0
340182,6.26E-05,0
340183,3.37E-05,0
340184,3.14E-05,0
340185,3.15E-05,0
340186,0.000863016,0
340187,3.14E-05,0
340188,4.29E-05,0
340189,3.17E-05,0
340190,3.15E-05,0
340191,3.15E-05,0
340192,0.000151932,0
340193,3.37E-05,0
340194,0.000403821,0
340195,0.00033468,0
340196,3.94E-05,0
340197,0.005833626,0
340198,4.05E-05,0
340199,3.14E-05,0
340200,0.000100493,0
340201,3.15E-05,0
340202,3.14E-05,0
340203,3.28E-05,0
340204,0.000143886,0
340205,3.13E-05,0
340206,0.000131369,0
340207,3.14E-05,0
340208,3.81E-05,0
340209,0.000120521,0
340210,3.12E-05,0
340211,3.58E-05,0
340212,3.17E-05,0
340213,3.09E-05,0
340214,3.12E-05,0
340215,3.32E-05,0
340216,8.26E-05,0
340217,0.002362967,0
340218,8.45E-05,0
340219,0.00036031,0
340220,3.17E-05,0
340221,3.17E-05,0
340222,3.73E-05,0
340223,6.00E-05,0
340224,3.14E-05,0
340225,0.000551045,0
340226,3.20E-05,0
340227,3.19E-05,0
340228,3.27E-05,0
340229,4.32E-05,0
340230,3.14E-05,0
340231,3.13E-05,0
340232,4.85E-05,0
340233,3.24E-05,0
340234,5.17E-05,0
340235,3.14E-05,0
340236,3.11E-05,0
340237,0.00402236,0
340238,3.14E-05,0
340239,0.004219592,0
340240,4.49E-05,0
340241,8.96E-05,0
340242,3.14E-05,0
340243,4.04E-05,0
340244,3.21E-05,0
340245,5.27E-05,0
340246,3.99E-05,0
340247,4.35E-05,0
340248,3.19E-05,0
340249,3.12E-05,0
340250,3.12E-05,0
340251,9.30E-05,0
340252,3.16E-05,0
340253,4.45E-05,0
340254,4.07E-05,0
340255,7.74E-05,0
340256,3.14E-05,0
340257,0.002340794,0
340258,3.39E-05,0
340259,0.000148892,0
340260,0.000687957,0
340261,0.999832814,1
340262,3.85E-05,0
340263,0.000438392,0
340264,3.30E-05,0
340265,0.000244856,0
340266,0.000586271,0
340267,0.994323981,1
340268,0.113771617,0
340269,0.006223798,0
340270,0.113771617,0
340271,0.113771617,0
340272,0.00483495,0
340273,0.058206081,0
340274,0.000293791,0
340275,0.03604722,0
340276,0.038038969,0
340277,0.000229597,0
340278,0.999834076,1
340279,0.00483495,0
340280,3.50E-05,0
340281,0.001005769,0
340282,0.000275612,0
340283,3.40E-05,0
340284,0.002665699,0
340285,0.9978508,1
340286,0.108519971,0
340287,0.030487239,0
340288,0.999838995,1
340289,0.026513457,0
340290,0.001180708,0
340291,0.00033313,0
340292,0.994260774,1
340293,0.000151932,0
340294,0.041903555,0
340295,0.996328126,1
340296,0.024495423,0
340297,0.99984,1
340298,0.004318476,0
340299,6.75E-05,0
340300,0.000114202,0
340301,0.000114202,0
340302,3.15E-05,0
340303,3.17E-05,0
340304,3.17E-05,0
340305,3.10E-05,0
340306,3.46E-05,0
340307,0.000190973,0
340308,7.01E-05,0
340309,0.113771617,0
340310,0.000110209,0
340311,3.21E-05,0
340312,0.00010407,0
340313,3.39E-05,0
340314,0.000857711,0
340315,5.67E-05,0
340316,4.02E-05,0
340317,4.06E-05,0
340318,3.09E-05,0
340319,0.000101328,0
340320,0.000124633,0
340321,0.000121832,0
340322,3.69E-05,0
340323,3.32E-05,0
340324,3.22E-05,0
340325,4.14E-05,0
340326,0.000101328,0
340327,0.000374854,0
340328,0.000171959,0
340329,3.11E-05,0
340330,3.17E-05,0
340331,6.88E-05,0
340332,6.88E-05,0
340333,3.14E-05,0
340334,3.17E-05,0
340335,3.55E-05,0
340336,4.66E-05,0
340337,0.001546085,0
340338,3.45E-05,0
340339,9.03E-05,0
340340,3.24E-05,0
340341,3.40E-05,0
340342,0.000107706,0
340343,5.30E-05,0
340344,4.85E-05,0
340345,0.999841953,1
340346,6.88E-05,0
340347,3.18E-05,0
340348,3.85E-05,0
340349,0.000324547,0
340350,4.85E-05,0
340351,3.14E-05,0
340352,3.13E-05,0
340353,3.99E-05,0
340354,3.25E-05,0
340355,3.21E-05,0
340356,0.00014329,0
340357,5.61E-05,0
340358,3.81E-05,0
340359,0.006397188,0
340360,5.30E-05,0
340361,0.021134675,0
340362,4.12E-05,0
340363,4.18E-05,0
340364,0.005865037,0
340365,0.000321269,0
340366,4.46E-05,0
340367,3.24E-05,0
340368,5.33E-05,0
340369,0.000300884,0
340370,0.999840988,1
340371,0.00081706,0
340372,0.999840988,1
340373,0.000384748,0
340374,0.000274181,0
340375,0.00012511,0
340376,0.000172436,0
340377,6.04E-05,0
340378,4.53E-05,0
340379,3.14E-05,0
340380,3.11E-05,0
340381,4.45E-05,0
340382,8.26E-05,0
340383,6.12E-05,0
340384,0.055141449,0
340385,3.62E-05,0
340386,8.89E-05,0
340387,4.17E-05,0
340388,3.59E-05,0
340389,0.000157416,0
340390,3.18E-05,0
340391,0.000146091,0
340392,3.19E-05,0
340393,5.46E-05,0
340394,3.15E-05,0
340395,5.46E-05,0
340396,4.95E-05,0
340397,0.000214696,0
340398,0.999841218,1
340399,0.000261486,0
340400,0.000271678,0
340401,0.000259161,0
340402,0.000288665,0
340403,3.12E-05,0
340404,3.65E-05,0
340405,3.12E-05,0
340406,3.11E-05,0
340407,7.44E-05,0
340408,0.002823353,0
340409,0.057269573,0
340410,3.21E-05,0
340411,3.23E-05,0
340412,3.15E-05,0
340413,3.23E-05,0
340414,0.003256857,0
340415,3.46E-05,0
340416,3.09E-05,0
340417,8.33E-05,0
340418,3.11E-05,0
340419,7.93E-05,0
340420,0.000138879,0
340421,3.39E-05,0
340422,4.11E-05,0
340423,3.24E-05,0
340424,5.16E-05,0
340425,3.09E-05,0
340426,3.30E-05,0
340427,4.86E-05,0
340428,4.26E-05,0
340429,3.11E-05,0
340430,6.04E-05,0
340431,3.99E-05,0
340432,3.20E-05,0
340433,0.000943899,0
340434,3.36E-05,0
340435,3.25E-05,0
340436,0.005517364,0
340437,3.68E-05,0
340438,3.18E-05,0
340439,3.21E-05,0
340440,4.75E-05,0
340441,3.19E-05,0
340442,3.21E-05,0
340443,3.24E-05,0
340444,3.77E-05,0
340445,5.61E-05,0
340446,5.78E-05,0
340447,5.94E-05,0
340448,5.56E-05,0
340449,0.999581743,1
340450,8.37E-05,0
340451,3.96E-05,0
340452,0.002264857,0
340453,3.11E-05,0
340454,3.11E-05,0
340455,3.11E-05,0
340456,8.30E-05,0
340457,5.17E-05,0
340458,7.86E-05,0
340459,3.19E-05,0
340460,3.60E-05,0
340461,3.18E-05,0
340462,3.17E-05,0
340463,3.30E-05,0
340464,3.30E-05,0
340465,3.30E-05,0
340466,0.002005041,0
340467,3.18E-05,0
340468,4.08E-05,0
340469,0.000387788,0
340470,3.12E-05,0
340471,4.17E-05,0
340472,3.87E-05,0
340473,3.87E-05,0
340474,6.58E-05,0
340475,0.001157224,0
340476,0.976304369,1
340477,3.19E-05,0
340478,3.19E-05,0
340479,3.11E-05,0
340480,0.00034529,0
340481,0.000118494,0
340482,0.000217617,0
340483,0.024536848,0
340484,0.000136554,0
340485,3.13E-05,0
340486,0.012237906,0
340487,0.000220358,0
340488,0.000228643,0
340489,3.21E-05,0
340490,3.24E-05,0
340491,0.976304369,1
340492,7.00E-05,0
340493,0.001157224,0
340494,0.000136733,0
340495,4.37E-05,0
340496,4.49E-05,0
340497,3.32E-05,0
340498,3.33E-05,0
340499,3.24E-05,0
340500,0.000874996,0
340501,3.22E-05,0
340502,0.001297593,0
340503,0.000135183,0
340504,0.001055658,0
340505,3.16E-05,0
340506,3.55E-05,0
340507,3.27E-05,0
340508,3.18E-05,0
340509,3.14E-05,0
340510,0.000125945,0
340511,3.36E-05,0
340512,3.30E-05,0
340513,5.24E-05,0
340514,5.24E-05,0
340515,3.14E-05,0
340516,4.51E-05,0
340517,3.15E-05,0
340518,3.95E-05,0
340519,4.78E-05,0
340520,0.001530707,0
340521,4.20E-05,0
340522,3.09E-05,0
340523,3.18E-05,0
340524,0.005092263,0
340525,3.34E-05,0
340526,3.30E-05,0
340527,8.77E-05,0
340528,9.02E-05,0
340529,8.15E-05,0
340530,0.000173092,0
340531,0.00020206,0
340532,0.011336446,0
340533,4.00E-05,0
340534,0.000577211,0
340535,6.20E-05,0
340536,0.000245988,0
340537,3.43E-05,0
340538,0.000101626,0
340539,0.001157224,0
340540,3.45E-05,0
340541,0.000270486,0
340542,3.31E-05,0
340543,4.37E-05,0
340544,3.34E-05,0
340545,0.000203967,0
340546,7.15E-05,0
340547,0.000100136,0
340548,6.38E-05,0
340549,3.62E-05,0
340550,0.001672029,0
340551,3.77E-05,0
340552,3.15E-05,0
340553,7.10E-05,0
340554,0.001149476,0
340555,0.000230849,0
340556,3.14E-05,0
340557,0.197228909,0
340558,4.42E-05,0
340559,3.45E-05,0
340560,3.95E-05,0
340561,7.61E-05,0
340562,0.992953995,1
340563,0.000176013,0
340564,0.000289381,0
340565,7.25E-05,0
340566,7.25E-05,0
340567,0.000113726,0
340568,0.000175118,0
340569,4.45E-05,0
340570,4.00E-05,0
340571,0.001081467,0
340572,3.72E-05,0
340573,0.104166746,0
340574,0.000241101,0
340575,3.18E-05,0
340576,0.000170827,0
340577,0.933518834,1
340578,3.44E-05,0
340579,7.45E-05,0
340580,0.000312388,0
340581,0.092124581,0
340582,0.045455992,0
340583,5.02E-05,0
340584,0.991597098,1
340585,0.991525896,1
340586,0.992080535,1
340587,0.049579144,0
340588,0.469239056,0
340589,3.48E-05,0
340590,7.25E-05,0
340591,0.002719104,0
340592,0.001048505,0
340593,0.00012964,0
340594,0.002340794,0
340595,6.22E-05,0
340596,0.000201941,0
340597,0.000613391,0
340598,6.92E-05,0
340599,6.35E-05,0
340600,7.49E-05,0
340601,5.03E-05,0
340602,3.68E-05,0
340603,3.67E-05,0
340604,3.20E-05,0
340605,6.18E-05,0
340606,0.999639834,1
340607,3.25E-05,0
340608,4.86E-05,0
340609,3.22E-05,0
340610,5.04E-05,0
340611,0.000178337,0
340612,0.000673294,0
340613,0.024187028,0
340614,7.54E-05,0
340615,9.58E-05,0
340616,0.000117242,0
340617,3.46E-05,0
340618,3.31E-05,0
340619,0.000175118,0
340620,0.001193047,0
340621,0.00031215,0
340622,3.14E-05,0
340623,0.014607489,0
340624,0.014607489,0
340625,3.16E-05,0
340626,0.035185635,0
340627,3.47E-05,0
340628,3.68E-05,0
340629,0.104166746,0
340630,0.001902282,0
340631,4.26E-05,0
340632,3.14E-05,0
340633,0.000113904,0
340634,0.985584263,1
340635,0.999830986,1
340636,3.66E-05,0
340637,0.000214159,0
340638,3.17E-05,0
340639,5.57E-05,0
340640,5.32E-05,0
340641,3.15E-05,0
340642,3.08E-05,0
340643,3.20E-05,0
340644,3.12E-05,0
340645,3.31E-05,0
340646,4.30E-05,0
340647,0.000524819,0
340648,4.15E-05,0
340649,0.999830986,1
340650,3.11E-05,0
340651,3.94E-05,0
340652,3.12E-05,0
340653,3.12E-05,0
340654,3.11E-05,0
340655,3.12E-05,0
340656,3.13E-05,0
340657,3.17E-05,0
340658,3.11E-05,0
340659,3.09E-05,0
340660,4.80E-05,0
340661,9.75E-05,0
340662,0.000132143,0
340663,0.00010854,0
340664,9.25E-05,0
340665,0.001501381,0
340666,3.37E-05,0
340667,0.982097885,1
340668,3.31E-05,0
340669,3.18E-05,0
340670,3.18E-05,0
340671,3.15E-05,0
340672,0.000437737,0
340673,3.17E-05,0
340674,4.14E-05,0
340675,4.63E-05,0
340676,0.999830986,1
340677,6.99E-05,0
340678,4.83E-05,0
340679,3.31E-05,0
340680,0.000117958,0
340681,3.31E-05,0
340682,0.000197411,0
340683,0.985584263,1
340684,3.31E-05,0
340685,4.00E-05,0
340686,3.31E-05,0
340687,0.000240684,0
340688,3.65E-05,0
340689,3.12E-05,0
340690,0.000106454,0
340691,0.000117242,0
340692,4.92E-05,0
340693,3.18E-05,0
340694,3.21E-05,0
340695,0.999821099,1
340696,0.999821099,1
340697,9.41E-05,0
340698,3.74E-05,0
340699,6.37E-05,0
340700,8.54E-05,0
340701,0.000142753,0
340702,0.000366628,0
340703,3.11E-05,0
340704,3.12E-05,0
340705,3.17E-05,0
340706,0.000106692,0
340707,3.14E-05,0
340708,0.999821099,1
340709,7.64E-05,0
340710,5.53E-05,0
340711,3.16E-05,0
340712,3.08E-05,0
340713,3.11E-05,0
340714,4.08E-05,0
340715,3.18E-05,0
340716,5.87E-05,0
340717,3.31E-05,0
340718,0.014665842,0
340719,9.94E-05,0
340720,8.09E-05,0
340721,3.15E-05,0
340722,3.19E-05,0
340723,5.79E-05,0
340724,3.71E-05,0
340725,4.09E-05,0
340726,6.96E-05,0
340727,3.19E-05,0
340728,3.12E-05,0
340729,3.12E-05,0
340730,3.15E-05,0
340731,3.15E-05,0
340732,0.999830986,1
340733,3.14E-05,0
340734,3.19E-05,0
340735,3.31E-05,0
340736,3.12E-05,0
340737,3.16E-05,0
340738,0.000918865,0
340739,0.999827257,1
340740,0.000293672,0
340741,6.65E-05,0
340742,3.38E-05,0
340743,0.999827257,1
340744,3.18E-05,0
340745,0.000139356,0
340746,8.95E-05,0
340747,4.92E-05,0
340748,0.002340794,0
340749,0.999821099,1
340750,0.999821099,1
340751,3.12E-05,0
340752,3.14E-05,0
340753,3.14E-05,0
340754,0.000223875,0
340755,3.31E-05,0
340756,3.14E-05,0
340757,3.18E-05,0
340758,3.94E-05,0
340759,3.12E-05,0
340760,0.000139236,0
340761,3.25E-05,0
340762,4.68E-05,0
340763,3.15E-05,0
340764,0.000137091,0
340765,5.49E-05,0
340766,0.986076947,1
340767,3.09E-05,0
340768,3.39E-05,0
340769,3.12E-05,0
340770,0.001335084,0
340771,3.28E-05,0
340772,3.15E-05,0
340773,3.10E-05,0
340774,3.18E-05,0
340775,5.15E-05,0
340776,4.12E-05,0
340777,4.12E-05,0
340778,5.44E-05,0
340779,3.22E-05,0
340780,3.19E-05,0
340781,3.24E-05,0
340782,3.61E-05,0
340783,0.063723207,0
340784,3.25E-05,0
340785,3.25E-05,0
340786,0.00012517,0
340787,3.16E-05,0
340788,0.000379324,0
340789,5.19E-05,0
340790,3.14E-05,0
340791,3.90E-05,0
340792,6.47E-05,0
340793,3.12E-05,0
340794,4.63E-05,0
340795,0.986076947,1
340796,0.003833294,0
340797,3.15E-05,0
340798,3.30E-05,0
340799,3.29E-05,0
340800,3.31E-05,0
340801,4.41E-05,0
340802,3.34E-05,0
340803,3.21E-05,0
340804,0.042544842,0
340805,3.94E-05,0
340806,0.000110686,0
340807,3.33E-05,0
340808,3.21E-05,0
340809,3.11E-05,0
340810,4.20E-05,0
340811,4.36E-05,0
340812,0.001435101,0
340813,3.17E-05,0
340814,3.17E-05,0
340815,0.036518872,0
340816,3.13E-05,0
340817,8.34E-05,0
340818,0.986076947,1
340819,0.001335084,0
340820,3.17E-05,0
340821,3.94E-05,0
340822,4.54E-05,0
340823,6.01E-05,0
340824,5.69E-05,0
340825,3.31E-05,0
340826,3.16E-05,0
340827,3.18E-05,0
340828,5.93E-05,0
340829,3.11E-05,0
340830,0.00028193,0
340831,0.001885831,0
340832,3.14E-05,0
340833,0.000272095,0
340834,3.11E-05,0
340835,3.94E-05,0
340836,4.88E-05,0
340837,0.000274539,0
340838,3.12E-05,0
340839,6.04E-05,0
340840,3.15E-05,0
340841,8.30E-05,0
340842,0.001084387,0
340843,3.67E-05,0
340844,3.27E-05,0
340845,3.20E-05,0
340846,3.28E-05,0
340847,3.28E-05,0
340848,8.73E-05,0
340849,0.00014323,0
340850,3.16E-05,0
340851,7.19E-05,0
340852,3.21E-05,0
340853,0.985852662,1
340854,3.67E-05,0
340855,0.746715754,0
340856,8.73E-05,0
340857,6.96E-05,0
340858,3.16E-05,0
340859,3.90E-05,0
340860,3.12E-05,0
340861,3.15E-05,0
340862,3.92E-05,0
340863,3.68E-05,0
340864,0.004748106,0
340865,0.982315013,1
340866,4.65E-05,0
340867,0.999694391,1
340868,8.30E-05,0
340869,3.15E-05,0
340870,3.17E-05,0
340871,3.15E-05,0
340872,3.17E-05,0
340873,4.54E-05,0
340874,5.82E-05,0
340875,4.28E-05,0
340876,3.31E-05,0
340877,3.11E-05,0
340878,0.000684023,0
340879,3.94E-05,0
340880,3.14E-05,0
340881,3.16E-05,0
340882,5.73E-05,0
340883,3.14E-05,0
340884,3.12E-05,0
340885,0.000142753,0
340886,3.76E-05,0
340887,3.84E-05,0
340888,8.90E-05,0
340889,4.23E-05,0
340890,3.21E-05,0
340891,3.25E-05,0
340892,0.03080368,0
340893,6.70E-05,0
340894,3.20E-05,0
340895,3.22E-05,0
340896,5.48E-05,0
340897,0.999821099,1
340898,0.999821099,1
340899,3.34E-05,0
340900,3.38E-05,0
340901,0.000221729,0
340902,0.988260364,1
340903,0.00015533,0
340904,6.40E-05,0
340905,5.95E-05,0
340906,6.05E-05,0
340907,3.77E-05,0
340908,0.000335395,0
340909,6.88E-05,0
340910,6.01E-05,0
340911,6.96E-05,0
340912,5.75E-05,0
340913,0.000117242,0
340914,0.001748323,0
340915,0.999835576,1
340916,3.08E-05,0
340917,6.31E-05,0
340918,3.36E-05,0
340919,3.16E-05,0
340920,0.999821099,1
340921,0.000142753,0
340922,3.11E-05,0
340923,3.15E-05,0
340924,0.999821099,1
340925,0.999821099,1
340926,0.000186265,0
340927,6.20E-05,0
340928,3.57E-05,0
340929,6.33E-05,0
340930,0.999837154,1
340931,3.17E-05,0
340932,0.000135422,0
340933,4.47E-05,0
340934,3.53E-05,0
340935,3.11E-05,0
340936,3.15E-05,0
340937,3.18E-05,0
340938,0.000189245,0
340939,0.072957993,0
340940,3.13E-05,0
340941,0.000183046,0
340942,0.006179512,0
340943,8.98E-05,0
340944,3.25E-05,0
340945,3.22E-05,0
340946,0.999821099,1
340947,0.000319302,0
340948,3.14E-05,0
340949,0.999821099,1
340950,4.80E-05,0
340951,3.09E-05,0
340952,3.31E-05,0
340953,0.999840746,1
340954,8.16E-05,0
340955,4.61E-05,0
340956,0.999831334,1
340957,0.000251591,0
340958,7.15E-05,0
340959,7.15E-05,0
340960,3.42E-05,0
340961,3.80E-05,0
340962,0.999839955,1
340963,0.000206053,0
340964,3.06E-05,0
340965,0.000123441,0
340966,3.14E-05,0
340967,3.12E-05,0
340968,3.13E-05,0
340969,0.062077403,0
340970,4.61E-05,0
340971,0.999830986,1
340972,3.34E-05,0
340973,0.999830986,1
340974,0.000460446,0
340975,0.999814356,1
340976,3.12E-05,0
340977,0.00012809,0
340978,0.001921594,0
340979,3.09E-05,0
340980,0.000460327,0
340981,3.12E-05,0
340982,5.41E-05,0
340983,3.64E-05,0
340984,0.00017345,0
340985,3.17E-05,0
340986,4.74E-05,0
340987,3.18E-05,0
340988,3.08E-05,0
340989,4.99E-05,0
340990,9.98E-05,0
340991,5.02E-05,0
340992,0.000117958,0
340993,3.21E-05,0
340994,3.25E-05,0
340995,4.69E-05,0
340996,0.999837154,1
340997,3.21E-05,0
340998,3.61E-05,0
340999,0.072957993,0
341000,0.000155151,0
341001,0.000276446,0
341002,0.999821099,1
341003,3.15E-05,0
341004,3.14E-05,0
341005,3.15E-05,0
341006,3.92E-05,0
341007,5.41E-05,0
341008,3.24E-05,0
341009,3.11E-05,0
341010,4.12E-05,0
341011,3.51E-05,0
341012,8.63E-05,0
341013,3.31E-05,0
341014,3.14E-05,0
341015,3.31E-05,0
341016,5.02E-05,0
341017,3.22E-05,0
341018,3.21E-05,0
341019,3.22E-05,0
341020,3.09E-05,0
341021,3.17E-05,0
341022,3.11E-05,0
341023,0.000267267,0
341024,3.22E-05,0
341025,0.000283301,0
341026,3.21E-05,0
341027,0.000988185,0
341028,0.000349879,0
341029,3.13E-05,0
341030,3.18E-05,0
341031,0.000119865,0
341032,3.11E-05,0
341033,3.22E-05,0
341034,3.23E-05,0
341035,4.58E-05,0
341036,3.87E-05,0
341037,0.002213418,0
341038,0.002313197,0
341039,4.11E-05,0
341040,3.26E-05,0
341041,3.13E-05,0
341042,3.11E-05,0
341043,0.999839294,1
341044,0.000172734,0
341045,4.02E-05,0
341046,0.994916596,1
341047,3.94E-05,0
341048,0.000273943,0
341049,3.95E-05,0
341050,3.40E-05,0
341051,3.12E-05,0
341052,0.000237703,0
341053,0.00032115,0
341054,3.21E-05,0
341055,3.16E-05,0
341056,0.000230432,0
341057,3.94E-05,0
341058,3.68E-05,0
341059,3.15E-05,0
341060,0.000224531,0
341061,3.64E-05,0
341062,0.007178068,0
341063,0.972313909,1
341064,0.000200868,0
341065,3.13E-05,0
341066,3.15E-05,0
341067,3.15E-05,0
341068,3.31E-05,0
341069,0.001226008,0
341070,3.16E-05,0
341071,3.15E-05,0
341072,3.13E-05,0
341073,3.57E-05,0
341074,0.000166893,0
341075,0.390049994,0
341076,3.44E-05,0
341077,0.016078413,0
341078,0.000172734,0
341079,3.44E-05,0
341080,0.999821099,1
341081,3.51E-05,0
341082,3.91E-05,0
341083,3.12E-05,0
341084,3.78E-05,0
341085,3.16E-05,0
341086,5.97E-05,0
341087,0.000524819,0
341088,3.55E-05,0
341089,0.00046438,0
341090,3.18E-05,0
341091,4.17E-05,0
341092,3.16E-05,0
341093,3.18E-05,0
341094,3.15E-05,0
341095,0.000454545,0
341096,3.15E-05,0
341097,3.18E-05,0
341098,3.18E-05,0
341099,3.14E-05,0
341100,3.21E-05,0
341101,3.13E-05,0
341102,3.15E-05,0
341103,0.01730907,0
341104,0.000334322,0
341105,4.92E-05,0
341106,4.61E-05,0
341107,0.00015986,0
341108,3.15E-05,0
341109,4.96E-05,0
341110,3.21E-05,0
341111,0.000966609,0
341112,6.67E-05,0
341113,5.89E-05,0
341114,3.10E-05,0
341115,3.25E-05,0
341116,3.22E-05,0
341117,0.000289798,0
341118,3.14E-05,0
341119,3.15E-05,0
341120,3.18E-05,0
341121,0.000149548,0
341122,5.19E-05,0
341123,3.12E-05,0
341124,3.18E-05,0
341125,3.18E-05,0
341126,3.29E-05,0
341127,3.12E-05,0
341128,3.23E-05,0
341129,3.16E-05,0
341130,3.19E-05,0
341131,3.08E-05,0
341132,4.92E-05,0
341133,4.24E-05,0
341134,4.15E-05,0
341135,4.35E-05,0
341136,4.92E-05,0
341137,3.48E-05,0
341138,3.24E-05,0
341139,3.20E-05,0
341140,8.57E-05,0
341141,3.12E-05,0
341142,3.27E-05,0
341143,0.005460978,0
341144,3.16E-05,0
341145,4.24E-05,0
341146,3.12E-05,0
341147,3.12E-05,0
341148,3.56E-05,0
341149,3.21E-05,0
341150,3.38E-05,0
341151,0.265512347,0
341152,0.000498295,0
341153,3.13E-05,0
341154,3.10E-05,0
341155,4.54E-05,0
341156,3.68E-05,0
341157,3.22E-05,0
341158,3.15E-05,0
341159,4.32E-05,0
341160,6.19E-05,0
341161,3.09E-05,0
341162,3.18E-05,0
341163,3.22E-05,0
341164,3.18E-05,0
341165,3.13E-05,0
341166,3.15E-05,0
341167,3.37E-05,0
341168,3.11E-05,0
341169,3.30E-05,0
341170,3.14E-05,0
341171,4.72E-05,0
341172,3.46E-05,0
341173,3.25E-05,0
341174,7.47E-05,0
341175,3.27E-05,0
341176,0.997058589,1
341177,3.25E-05,0
341178,0.000834882,0
341179,0.025276899,0
341180,3.09E-05,0
341181,3.08E-05,0
341182,0.000399411,0
341183,3.12E-05,0
341184,3.20E-05,0
341185,3.08E-05,0
341186,4.45E-05,0
341187,3.31E-05,0
341188,4.54E-05,0
341189,3.20E-05,0
341190,3.14E-05,0
341191,3.17E-05,0
341192,3.18E-05,0
341193,3.17E-05,0
341194,3.52E-05,0
341195,0.000391066,0
341196,5.94E-05,0
341197,3.11E-05,0
341198,3.12E-05,0
341199,3.16E-05,0
341200,3.15E-05,0
341201,3.14E-05,0
341202,3.14E-05,0
341203,3.14E-05,0
341204,3.47E-05,0
341205,3.22E-05,0
341206,3.20E-05,0
341207,5.12E-05,0
341208,3.25E-05,0
341209,3.28E-05,0
341210,3.15E-05,0
341211,8.26E-05,0
341212,3.22E-05,0
341213,4.21E-05,0
341214,3.20E-05,0
341215,3.21E-05,0
341216,3.14E-05,0
341217,3.22E-05,0
341218,0.000516951,0
341219,0.000416219,0
341220,3.89E-05,0
341221,3.16E-05,0
341222,3.19E-05,0
341223,3.13E-05,0
341224,3.18E-05,0
341225,3.14E-05,0
341226,3.15E-05,0
341227,0.016065717,0
341228,3.19E-05,0
341229,7.27E-05,0
341230,5.98E-05,0
341231,3.20E-05,0
341232,0.987412917,1
341233,3.17E-05,0
341234,3.14E-05,0
341235,0.002340794,0
341236,0.999799099,1
341237,3.70E-05,0
341238,3.70E-05,0
341239,0.999830986,1
341240,3.70E-05,0
341241,3.70E-05,0
341242,3.70E-05,0
341243,3.70E-05,0
341244,3.70E-05,0
341245,0.999830986,1
341246,3.70E-05,0
341247,3.70E-05,0
341248,4.94E-05,0
341249,7.27E-05,0
341250,0.220019579,0
341251,0.185874104,0
341252,3.26E-05,0
341253,0.275409579,0
341254,0.000947416,0
341255,0.999827234,1
341256,3.70E-05,0
341257,0.999830986,1
341258,0.000336528,0
341259,3.42E-05,0
341260,3.70E-05,0
341261,0.000417471,0
341262,3.70E-05,0
341263,4.31E-05,0
341264,4.32E-05,0
341265,0.973332103,1
341266,3.28E-05,0
341267,8.73E-05,0
341268,3.70E-05,0
341269,3.70E-05,0
341270,3.70E-05,0
341271,4.19E-05,0
341272,0.006248057,0
341273,3.70E-05,0
341274,4.13E-05,0
341275,3.70E-05,0
341276,3.70E-05,0
341277,0.007162929,0
341278,0.135755062,0
341279,5.14E-05,0
341280,3.13E-05,0
341281,5.57E-05,0
341282,0.000333905,0
341283,4.88E-05,0
341284,0.001627743,0
341285,4.91E-05,0
341286,4.49E-05,0
341287,3.25E-05,0
341288,8.37E-05,0
341289,0.183015049,0
341290,9.17E-05,0
341291,0.000106633,0
341292,3.70E-05,0
341293,3.18E-05,0
341294,3.70E-05,0
341295,3.87E-05,0
341296,7.06E-05,0
341297,3.39E-05,0
341298,3.35E-05,0
341299,0.000191033,0
341300,3.17E-05,0
341301,3.19E-05,0
341302,4.32E-05,0
341303,3.14E-05,0
341304,3.70E-05,0
341305,3.15E-05,0
341306,3.70E-05,0
341307,5.14E-05,0
341308,3.70E-05,0
341309,0.000115991,0
341310,4.91E-05,0
341311,3.17E-05,0
341312,3.11E-05,0
341313,0.000206709,0
341314,0.538692266,0
341315,0.27814883,0
341316,0.226413071,0
341317,0.99641328,1
341318,3.16E-05,0
341319,0.991271233,1
341320,0.99641328,1
341321,4.68E-05,0
341322,8.01E-05,0
341323,0.000761569,0
341324,5.14E-05,0
341325,4.49E-05,0
341326,3.70E-05,0
341327,3.70E-05,0
341328,3.70E-05,0
341329,3.70E-05,0
341330,3.70E-05,0
341331,3.70E-05,0
341332,7.37E-05,0
341333,3.70E-05,0
341334,8.00E-05,0
341335,7.21E-05,0
341336,5.47E-05,0
341337,3.71E-05,0
341338,0.001136959,0
341339,3.19E-05,0
341340,0.000101805,0
341341,5.01E-05,0
341342,4.74E-05,0
341343,8.99E-05,0
341344,0.000112474,0
341345,9.14E-05,0
341346,3.46E-05,0
341347,3.14E-05,0
341348,8.28E-05,0
341349,0.000189126,0
341350,0.000605822,0
341351,5.96E-05,0
341352,6.99E-05,0
341353,0.004759431,0
341354,6.28E-05,0
341355,0.000100374,0
341356,0.000830412,0
341357,3.13E-05,0
341358,0.000225723,0
341359,0.000244021,0
341360,3.33E-05,0
341361,3.55E-05,0
341362,0.000122786,0
341363,0.000893712,0
341364,0.000101268,0
341365,0.000190437,0
341366,0.000110805,0
341367,3.45E-05,0
341368,0.000893712,0
341369,0.000864327,0
341370,7.28E-05,0
341371,0.000914454,0
341372,0.00195533,0
341373,3.73E-05,0
341374,5.79E-05,0
341375,8.63E-05,0
341376,3.73E-05,0
341377,3.80E-05,0
341378,0.804453984,0
341379,3.83E-05,0
341380,0.001723945,0
341381,0.000154495,0
341382,3.21E-05,0
341383,4.72E-05,0
341384,0.000127673,0
341385,3.20E-05,0
341386,7.18E-05,0
341387,5.73E-05,0
341388,0.00032109,0
341389,0.000275433,0
341390,7.33E-05,0
341391,0.000547171,0
341392,0.001416445,0
341393,3.41E-05,0
341394,4.32E-05,0
341395,8.47E-05,0
341396,3.70E-05,0
341397,3.44E-05,0
341398,3.14E-05,0
341399,5.27E-05,0
341400,7.81E-05,0
341401,4.98E-05,0
341402,3.70E-05,0
341403,0.000168562,0
341404,3.18E-05,0
341405,3.48E-05,0
341406,0.000151515,0
341407,6.48E-05,0
341408,0.000159562,0
341409,5.05E-05,0
341410,4.74E-05,0
341411,3.15E-05,0
341412,7.06E-05,0
341413,0.00014627,0
341414,7.67E-05,0
341415,7.00E-05,0
341416,3.70E-05,0
341417,0.000264764,0
341418,0.000100672,0
341419,0.000100672,0
341420,6.34E-05,0
341421,0.000146866,0
341422,0.000133395,0
341423,0.000149131,0
341424,3.42E-05,0
341425,3.57E-05,0
341426,8.37E-05,0
341427,4.87E-05,0
341428,0.000196815,0
341429,3.14E-05,0
341430,0.000934124,0
341431,3.24E-05,0
341432,3.18E-05,0
341433,3.31E-05,0
341434,0.999552603,1
341435,3.20E-05,0
341436,4.06E-05,0
341437,0.999492948,1
341438,3.19E-05,0
341439,0.000176728,0
341440,0.310514987,0
341441,0.000287116,0
341442,0.000133872,0
341443,4.18E-05,0
341444,0.000300109,0
341445,4.97E-05,0
341446,3.24E-05,0
341447,3.43E-05,0
341448,0.000331402,0
341449,0.000331044,0
341450,3.28E-05,0
341451,3.19E-05,0
341452,0.987759618,1
341453,0.001152396,0
341454,3.34E-05,0
341455,0.000743449,0
341456,3.14E-05,0
341457,3.11E-05,0
341458,0.000297844,0
341459,3.15E-05,0
341460,3.12E-05,0
341461,3.17E-05,0
341462,3.24E-05,0
341463,3.94E-05,0
341464,0.000297844,0
341465,3.18E-05,0
341466,0.000297844,0
341467,0.000297844,0
341468,3.73E-05,0
341469,3.87E-05,0
341470,3.73E-05,0
341471,3.73E-05,0
341472,0.000297844,0
341473,3.47E-05,0
341474,0.000297844,0
341475,3.15E-05,0
341476,0.000297844,0
341477,0.995526544,1
341478,3.28E-05,0
341479,0.970894845,1
341480,3.25E-05,0
341481,3.14E-05,0
341482,3.11E-05,0
341483,3.33E-05,0
341484,3.11E-05,0
341485,3.11E-05,0
341486,4.54E-05,0
341487,3.14E-05,0
341488,3.18E-05,0
341489,3.15E-05,0
341490,3.06E-05,0
341491,6.57E-05,0
341492,3.24E-05,0
341493,3.30E-05,0
341494,3.12E-05,0
341495,3.21E-05,0
341496,3.98E-05,0
341497,3.14E-05,0
341498,3.16E-05,0
341499,3.17E-05,0
341500,0.001081765,0
341501,3.11E-05,0
341502,3.16E-05,0
341503,0.000237703,0
341504,3.19E-05,0
341505,4.44E-05,0
341506,0.000275314,0
341507,0.135755062,0
341508,3.22E-05,0
341509,3.94E-05,0
341510,0.999410842,1
341511,8.73E-05,0
341512,8.14E-05,0
341513,3.20E-05,0
341514,7.36E-05,0
341515,3.16E-05,0
341516,0.000278354,0
341517,3.14E-05,0
341518,3.18E-05,0
341519,3.15E-05,0
341520,0.000503302,0
341521,3.25E-05,0
341522,0.000563204,0
341523,3.64E-05,0
341524,3.14E-05,0
341525,3.14E-05,0
341526,3.22E-05,0
341527,5.40E-05,0
341528,5.21E-05,0
341529,3.15E-05,0
341530,3.28E-05,0
341531,0.999824008,1
341532,3.11E-05,0
341533,0.000327229,0
341534,0.999830986,1
341535,3.15E-05,0
341536,0.999812474,1
341537,3.26E-05,0
341538,0.000258446,0
341539,0.999827234,1
341540,3.17E-05,0
341541,0.999827234,1
341542,0.999827234,1
341543,4.98E-05,0
341544,3.16E-05,0
341545,0.999830986,1
341546,3.18E-05,0
341547,5.56E-05,0
341548,3.12E-05,0
341549,0.999830986,1
341550,0.999830986,1
341551,0.999827234,1
341552,0.013217747,0
341553,3.15E-05,0
341554,3.27E-05,0
341555,3.15E-05,0
341556,0.999840746,1
341557,0.999841066,1
341558,3.38E-05,0
341559,3.17E-05,0
341560,7.02E-05,0
341561,3.15E-05,0
341562,0.002201855,0
341563,0.999841066,1
341564,4.32E-05,0
341565,3.15E-05,0
341566,0.999841066,1
341567,0.976304369,1
341568,0.00033021,0
341569,0.000115931,0
341570,0.000713766,0
341571,3.70E-05,0
341572,3.15E-05,0
341573,3.11E-05,0
341574,0.000398755,0
341575,3.14E-05,0
341576,3.87E-05,0
341577,3.14E-05,0
341578,0.27814883,0
341579,0.000301778,0
341580,0.000301778,0
341581,0.000301778,0
341582,0.000136614,0
341583,4.15E-05,0
341584,4.43E-05,0
341585,3.21E-05,0
341586,0.005192041,0
341587,3.18E-05,0
341588,3.27E-05,0
341589,3.70E-05,0
341590,0.999763583,1
341591,0.999756057,1
341592,0.000103176,0
341593,7.51E-05,0
341594,3.13E-05,0
341595,0.000421643,0
341596,0.000812948,0
341597,3.09E-05,0
341598,3.14E-05,0
341599,0.999791049,1
341600,3.23E-05,0
341601,3.70E-05,0
341602,7.21E-05,0
341603,3.11E-05,0
341604,3.17E-05,0
341605,3.16E-05,0
341606,0.999830986,1
341607,0.999830986,1
341608,0.996181258,1
341609,0.999840746,1
341610,0.999840746,1
341611,0.999827234,1
341612,0.999827234,1
341613,9.11E-05,0
341614,9.11E-05,0
341615,3.16E-05,0
341616,3.70E-05,0
341617,0.002321839,0
341618,0.000389099,0
341619,3.29E-05,0
341620,0.999830503,1
341621,3.17E-05,0
341622,3.18E-05,0
341623,3.21E-05,0
341624,3.28E-05,0
341625,0.995708838,1
,,109
